{"version": "15.0.6","schema": "https://gitlab.com/gitlab-org/security-products/security-report-schemas/-/raw/v15.0.6/dist/dependency-scanning-report-format.json?ref_type=tags", "scan": {"scanner": {"id": "org.owasp.dependency-check","name": "Dependency-Check Core","version": "12.1.0","vendor": {"name": "OWASP"},"url": "https://github.com/jeremylong/DependencyCheck/"},"analyzer": {"id": "org.owasp.dependency-check","name": "Dependency-Check Core","version": "12.1.0","vendor": {"name": "OWASP"},"url": "https://github.com/jeremylong/DependencyCheck/"},"end_time": "2025-09-07T13:28:03","start_time": "2025-09-07T13:28:03","status":  "failure"  ,"type": "dependency_scanning"},"vulnerabilities": [{"id": "CVE-2022-41064","identifiers": [{"type": "NVD", "name": "CVE-2022-41064", "value": "fcc4b95b90b5814335deffa23883e8fd4b8b8cf7", "url": "https://web.nvd.nist.gov/view/vuln/detail?vulnId=CVE-2022-41064"}],"location": {"file": "C:\\GIT\\DOTNET\\Sftp.Lib\\packages\\System.Buffers.4.5.1\\System.Buffers.4.5.1.nupkg\\System.Buffers.nuspec","dependency": {"package": {"name": "System.Buffers"},"version": "4.5.1"}},"name": "CVE-2022-41064","description": ".NET Framework Information Disclosure Vulnerability","severity": "Medium","links": [{"name": "PATCH,VENDOR_ADVISORY","url": "https:\/\/portal.msrc.microsoft.com\/en-US\/security-guidance\/advisory\/CVE-2022-41064"} ,{"url": "https:\/\/msrc.microsoft.com\/update-guide\/vulnerability\/CVE-2022-41064"}]},{"id": "CVE-2022-30184","identifiers": [{"type": "NVD", "name": "CVE-2022-30184", "value": "fcc4b95b90b5814335deffa23883e8fd4b8b8cf7", "url": "https://web.nvd.nist.gov/view/vuln/detail?vulnId=CVE-2022-30184"}],"location": {"file": "C:\\GIT\\DOTNET\\Sftp.Lib\\packages\\System.Buffers.4.5.1\\System.Buffers.4.5.1.nupkg\\System.Buffers.nuspec","dependency": {"package": {"name": "System.Buffers"},"version": "4.5.1"}},"name": "CVE-2022-30184","description": ".NET and Visual Studio Information Disclosure Vulnerability","severity": "Medium","links": [{"url": "https:\/\/lists.fedoraproject.org\/archives\/list\/package-announce%40lists.fedoraproject.org\/message\/DMP34G53EA2DBTBLFOAQCDZRRENE2EA2\/"} ,{"url": "https:\/\/lists.fedoraproject.org\/archives\/list\/package-announce%40lists.fedoraproject.org\/message\/XWNH4AC3LFVX35MDRX5OBZDGD2AMH66K\/"} ,{"name": "PATCH,VENDOR_ADVISORY","url": "https:\/\/portal.msrc.microsoft.com\/en-US\/security-guidance\/advisory\/CVE-2022-30184"} ,{"url": "https:\/\/msrc.microsoft.com\/update-guide\/vulnerability\/CVE-2022-30184"}]},{"id": "CVE-2020-22475","identifiers": [{"type": "NVD", "name": "CVE-2020-22475", "value": "2242627282f9e07e37b274ea36fac2d3cd9c9110", "url": "https://web.nvd.nist.gov/view/vuln/detail?vulnId=CVE-2020-22475"}],"location": {"file": "C:\\GIT\\DOTNET\\Sftp.Lib\\packages\\System.Threading.Tasks.Extensions.4.5.4\\System.Threading.Tasks.Extensions.4.5.4.nupkg\\lib\\net461\\System.Threading.Tasks.Extensions.dll","dependency": {"package": {"name": "System.Threading.Tasks.Extensions"},"version": "4.6.28619.01"}},"name": "CVE-2020-22475","description": "\"Tasks\" application version before 9.7.3 is affected by insecure permissions. The VoiceCommandActivity application component allows arbitrary applications on a device to add tasks with no restrictions.","severity": "Medium","links": [{"name": "EXPLOIT,PATCH,THIRD_PARTY_ADVISORY","url": "https:\/\/lyhinslab.org\/index.php\/2020\/07\/18\/how-the-white-box-hacking-works-ok-google-i-wanna-pwn-this-app\/"} ,{"name": "EXPLOIT,THIRD_PARTY_ADVISORY,VDB_ENTRY","url": "https:\/\/www.exploit-db.com\/exploits\/49563"} ,{"name": "EXPLOIT,PATCH,THIRD_PARTY_ADVISORY","url": "https:\/\/lyhinslab.org\/index.php\/2020\/07\/18\/how-the-white-box-hacking-works-ok-google-i-wanna-pwn-this-app\/"} ,{"name": "EXPLOIT,THIRD_PARTY_ADVISORY,VDB_ENTRY","url": "https:\/\/www.exploit-db.com\/exploits\/49563"}]},{"id": "CVE-2022-39349","identifiers": [{"type": "NVD", "name": "CVE-2022-39349", "value": "2242627282f9e07e37b274ea36fac2d3cd9c9110", "url": "https://web.nvd.nist.gov/view/vuln/detail?vulnId=CVE-2022-39349"}],"location": {"file": "C:\\GIT\\DOTNET\\Sftp.Lib\\packages\\System.Threading.Tasks.Extensions.4.5.4\\System.Threading.Tasks.Extensions.4.5.4.nupkg\\lib\\net461\\System.Threading.Tasks.Extensions.dll","dependency": {"package": {"name": "System.Threading.Tasks.Extensions"},"version": "4.6.28619.01"}},"name": "CVE-2022-39349","description": "The Tasks.org Android app is an open-source app for to-do lists and reminders. The Tasks.org app uses the activity `ShareLinkActivity.kt` to handle \"share\" intents coming from other components in the same device and convert them to tasks. Those intents may contain arbitrary file paths as attachments, in which case the files pointed by those paths are copied in the app's external storage directory. Prior to versions 12.7.1 and 13.0.1, those paths were not validated, allowing a malicious or compromised application in the same device to force Tasks.org to copy files from its internal storage to its external storage directory, where they became accessible to any component with permission to read the external storage. This vulnerability can lead to sensitive information disclosure. All information in the user's notes and the app's preferences, including the encrypted credentials of CalDav integrations if enabled, could be accessed by third party applications installed on the same device. This issue was fixed in versions 12.7.1 and 13.0.1. There are no known workarounds.","severity": "Medium","links": [{"name": "PATCH,THIRD_PARTY_ADVISORY","url": "https:\/\/github.com\/tasks\/tasks\/commit\/23bf69d3f44b07e4bc62ea107f72103239f5d942"} ,{"name": "PATCH,THIRD_PARTY_ADVISORY","url": "https:\/\/github.com\/tasks\/tasks\/security\/advisories\/GHSA-8x58-cg74-8jg8"} ,{"name": "PATCH,THIRD_PARTY_ADVISORY","url": "https:\/\/github.com\/tasks\/tasks\/commit\/23bf69d3f44b07e4bc62ea107f72103239f5d942"} ,{"name": "PATCH,THIRD_PARTY_ADVISORY","url": "https:\/\/github.com\/tasks\/tasks\/security\/advisories\/GHSA-8x58-cg74-8jg8"}]}],"dependency_files": [{"path": "pom.xml","package_manager": "maven","dependencies": [{"package": {"name": "BouncyCastle.Cryptography"},"version": "2.5.1"},{"package": {"name": "Microsoft.Bcl.AsyncInterfaces"},"version": "8.0.23.53103"},{"package": {"name": "Microsoft.Bcl.AsyncInterfaces"},"version": "8.0.0"},{"package": {"name": "Microsoft.Extensions.DependencyInjection.Abstractions"},"version": "8.0.10"},{"package": {"name": "Microsoft.Extensions.DependencyInjection.Abstractions"},"version": "8.0.2"},{"package": {"name": "Microsoft.Extensions.Logging.Abstractions"},"version": "8.0.13"},{"package": {"name": "Microsoft.Extensions.Logging.Generators"},"version": "8.0.1"},{"package": {"name": "Microsoft.Extensions.Logging.Generators.resources"},"version": "8.0.1"},{"package": {"name": "Microsoft.Extensions.Logging.Abstractions"},"version": "8.0.3"},{"package": {"name": "Renci.SshNet"},"version": "2025.0.0.1"},{"package": {"name": "SSH.NET"},"version": "2025.0.0"},{"package": {"name": "Sftp.Lib"},"version": "1.0.0.0"},{"package": {"name": "System.Buffers"},"version": "4.6.28619.01"},{"package": {"name": "System.Buffers"},"version": "4.5.1"},{"package": {"name": "System.Formats.Asn1"},"version": "8.0.13"},{"package": {"name": "System.Formats.Asn1"},"version": "8.0.2"},{"package": {"name": "System.Memory"},"version": "4.6.31308.01"},{"package": {"name": "System.Memory"},"version": "4.5.5"},{"package": {"name": "System.Numerics.Vectors"},"version": "4.6.26515.06"},{"package": {"name": "System.Numerics.Vectors"},"version": "4.6.25519.03"},{"package": {"name": "System.Numerics.Vectors"},"version": "4.5.0"},{"package": {"name": "System.Runtime.CompilerServices.Unsafe"},"version": "4.6.28619.01"},{"package": {"name": "System.Runtime.CompilerServices.Unsafe"},"version": "4.5.3"},{"package": {"name": "System.Threading.Tasks.Extensions"},"version": "4.6.28619.01"},{"package": {"name": "System.Threading.Tasks.Extensions"},"version": "4.5.4"},{"package": {"name": "System.ValueTuple"},"version": "4.6.26515.06"},{"package": {"name": "System.ValueTuple"},"version": "4.5.0"}]}],"remediations": [] }